Contexte;Qualifieurs
ENVC2;QF-RGCU
RGCUZP1;FORMATION
RGCUZP2;FORMATION
SMIZP1;FORMATION
SMIZP2;FORMATION
ENVC3;QF-RGCU
ENVC4;QF-RGCU
ENVC5;QF-RGCU
ENVC6;QF-RGCU
ENVM1;QF-RGCU
ENVM2;LIFA
ENVM3;QF-RGCU
QF-mutualis;QF
RGCUQ92;QF-RGCU
RGCUSIRQF01;QF-SIR
SMIQ92;
SMIS11;CNAV-SMI
ENVINTG1;AGIRC-ARRCO
ENVINTG2;AGIRC-ARRCO
ENVINTG3;AGIRC-ARRCO
ENVINTG4;AGIRC-ARRCO
ENVINTG5;AGIRC-ARRCO
ENVINTG6;AGIRC-ARRCO
ENVMIG1;AGIRC-ARRCO
ENVMIG2;AGIRC-ARRCO
ENVMIG3;AGIRC-ARRCO
ENVMIG4;AGIRC-ARRCO
ENVMIG5;AGIRC-ARRCO
ENVMIG6;AGIRC-ARRCO
ENVQUAL1;AGIRC-ARRCO
ENVQUAL2;AGIRC-ARRCO
ENVQUAL3;AGIRC-ARRCO
ENVQUAL4;AGIRC-ARRCO
ENVREF;CDS
ENVSTAT1;AGIRC-ARRCO
ENVSTAT2;AGIRC-ARRCO
ENVSTAT3;AGIRC-ARRCO
ENVSTAT4;AGIRC-ARRCO
RGCUDF1;
RGCUSIRDF1;CNAV-DSI
RGCUSIRVABF01;AGIRC-ARRCO
RGCUSS1;CNAV-RG
RGCUSS2;CNAV-RG
RGCUVIR1;CNAV-DSI
SMIQ41;CNAV-BRM
SMISN1;CNAV-BRM
SMISS1;CNAV-RG
SMISS2;CNAV-RG
SMIVIR1;CNAV-DSI
VABFLIFA;AGIRC-ARRCO
